Magdalena Nunez Ibanez, 16676312S, ES6520854915441145304583
Manuel Rodriguez Covarrubias, 13871053L, ES8801289248070299878267
Julio Vera Vazquez, 42690142X, ES6700812500009552951526
Barbara Arancibia Moreno, 53718178L, ES4000497914433038884033
Sergio Navarro Calderon, 12786595K, ES5921037640633112901410
Virgilio Mena Acuna, 23505606V, ES1388439563722745121517
Guillermo Sepulveda Ibanez, 22400901J, ES6102354094574735209384
Carlos Carrillo Araya, 55712801T, ES7620458738210205569410
Marcos Rojas Molina, 32315976N, ES4020802123040374912465
Oscar Canales Herrera, 24944689R, ES9702403363102239594225
Virgilio Mena Acuna, 02443370R, ES9520807222102493884586
Felicitas Briones Salcedo, 08572326B, ES2402341841423385546769
Angel Sanhueza Cordoba, 64632969X, ES5621031940924819830009
Estela Molina Olavarria, 57258052A, ES5088339549441264406515
Guillermo Sandoval Olavarria, 29295540A, ES8400812844911661608342
Javier Cordoba Ortiz, 51099799B, ES4121035287183062941750
Alicia Ibanez Vargas, 02579087X, ES8821009231081888671997
Victor Ledesma Santander, 38877843T, ES5220808496090515969787
Miguel Calderon Acosta, 67751917W, ES2002351601463316970853
Alicia Montoya Dominguez, 44210046S, ES2502408791731881937144
Hector Molina Moreno, 39427411R, ES9301860183101628669740
Armando Tejada Cruz, 22578904W, ES5330583397494458934315
Hector Aguilar Sepulveda, 42797376E, ES3102411486188123457579
Alfonso Herrera Martinez, 52397136V, ES2220458684077208522815
Aurelio Estrada Becerra, 64227492W, ES3900611776019774005667
Pablo Gutierrez Garcia, 29060007A, ES2314657561370212870714
Guillermo Maldonado Ochoa, 32576282K, ES3720458280923730062029
Carlos Camacho Herrera, 29092288F, ES4288326300345339221792
Ramon Tejada Ledesma, 41841725Z, ES2902408071685390594849
Margarita Beltran Rojas, 08239151H, ES0214912463247321704736
Manuel Sanchez Torres, 77398123W, ES3720458280923730062029
Jose Ramirez Garrido, 59203835K, ES1921034147105139845780
Oscar Canales Herrera, 07870322K, ES8402412319813934317217
Ximena Sepulveda Aguilar, 07823587N, ES2702355250168846795637
Rosa Fuentes Arancibia, 16883745C, ES0900815567114183036985
Maria Jose Ledesma Castillo, 64333724Z, ES5088339549441264406515
Silvia Araya Benavides, 25541437N, ES9420806366469493033681
Miguel Sepulveda Dominguez, 34102704Y, ES7620002603973189735779
Carmen Navarrete Bravo, 76897151H, ES1500195303093080128420
Catalina Valenzuela Estrada, 48315169C, ES2102205822551261436101
Ramon Miranda Montoya, 51129496W, ES4520850880943673792268
Javier Olavarria Gonzalez, 26648664C, ES0900810238339917167812
Leopoldo Beltran Gonzalez, 42215825Z, ES2520951054351470526162
Gerardo Sanchez Morales, 18188505Y, ES2720858384558259320216
Eduardo Osses Becerra, 04296669W, ES1000812042113457447577
Manuel Castillo Martinez, 54558705X, ES0630359518937552433778
Raul Nava Rivera, 57497264P, ES8202400553881502884835
Margarita Ramirez Caceres, 26217654R, ES2920857176148904245476
Miguel Rivera Salcedo, 21430980B, ES5830355891965649592191
Ricardo Maldonado Herrera, 07833248K, ES5002407867014766379877
Mariam Dominguez Sepulveda, 17312600E, ES2014745480438890021375
Guillermo Aguilar Olavarria, 55285910G, ES9188430290010446049758
Andres Campos Morales, 54813340R, ES8614652309080393063266
Catalina Arancibia Morales, 36056682Y, ES6430583292258915955325
Magdalena Pena Salcedo, 57808991W, ES8114901558816470906065
Manuel Nunez Galvez, 05353576D, ES2230580861952296139451
Julio Martinez Hernandez, 14400308V, ES6700113196100685258273
Irene Perez Covarrubias, 67200529Z, ES3401288727431247083305
Manuel Borquez Molina, 46537704A, ES9302351440536113808801
Claudio Lara Pena, 78689453K, ES3402418264346512195482
Ernesto Sandoval Vazquez, 34135049V, ES7102409111645718416063
Guillermo Rivera Jaramillo, 18663901E, ES6800199247421831370742
Josefa Ramirez Canales, 72092663S, ES8488434471712552215587
Pilar Ramirez Carrillo, 40679664A, ES8714903630029767275762
Raul Campos Mena, 27562428G, ES3801281006517846217677
Antonia Castillo Valenzuela, 59709450B, ES4801821983392698994844
Claudia Valenzuela Garrido, 10261778J, ES2101860084450110340546
Raul Ramos Ibanez, 71551035F, ES7502209996659458530069
Ana Borquez Santander, 42321529D, ES3388320840110096359446
Sergio Romero Briones, 78250895W, ES4630354793825310766950
Miguel Calderon Acosta, 09738406J, ES8615085377015124075559
Maria Dolores Vera Moreno, 47268740L, ES7420003619474030808512
Consuelo Benavides Santander, 72397439P, ES7315083413625531821749
Diego Figueroa Galvez, 19161551F, ES4902358457637866027190
Alfredo Morales Navarrete, 77785168L, ES7300113935234367893381
Pedro Quintero Cruz, 65791340X, ES7830582230276283451549
Fernando Sandoval Beltran, 21324169E, ES4288335675806384101552
Armando Tejada Cruz, 75926968N, ES0715085152652471925063
Manuel Ramos Navarrete, 73628826V, ES8102359771188268850291
Antonio Rojas Rivas, 73923837R, ES9221002259012976868205
Magdalena Pena Ibanez, 29079139E, ES3702342228610380761813
Magdalena Valenzuela Galvez, 38852861L, ES4502208966932131347692
Carlos Vega Sanhueza, 57796093T, ES0488337483020615337097
Josefa Ochoa Medina, 09203037M, ES0600618233848806938156
Jesus Romero Rojas, 48315169C, ES6200817822882679746010
Consuelo Acosta Santander, 66462508W, ES6601827030440724269386
Alicia Moreno Beltran, 53735853S, ES1802417390595003075870
Alfonso Flores Vazquez, 65136780H, ES7901289596210896618602
Hector Covarrubias Garrido, 63270907V, ES8020804554538740280224
Oscar Molina Gutierrez, 72695649M, ES4502208966932131347692
Claudia Dominguez Navarrete, 43280908Z, ES8300619319529062751802
Mariam Maldonado Vargas, 66880546Y, ES3300113490410390672484
Raul Sandoval Acosta, 23558474E, ES4730358492081664854188
Guillermo Maldonado Ochoa, 72381657T, ES0900815567114183036985
Ignacio Reyes Sanchez, 47260922X, ES5420008207693980913715
Fabio Galvez Medina, 09738406J, ES3702205214790116158004
Lino Acuna Briones, 37651435R, ES5400199721598978067647
Miguel Mena Camacho, 65858296W, ES3820858140338834762128
Patricia Garcia Carrera, 50346186L, ES5730582151166261130120
Ronaldo Sanchez Briones, 07186779E, ES0888327361483674803965
