nombre,apellido
Juan,Garcia
Maria,Rodriguez
Carlos,Martinez
Ana,Lopez
Jose,Hernandez
Isabel,Gonzalez
Francisco,Perez
Dolores,Sanchez
Antonio,Ramirez
Pilar,Torres
Manuel,Rivera
Rosa,Cruz
Pedro,Morales
Carmen,Gutierrez
Diego,Ortiz
Francisca,Jimenez
Guillermo,Romero
Josefa,Herrera
Enrique,Reyes
Antonia,Medina
Roberto,Vega
Maria del Carmen,Castillo
Angel,Campos
Josefina,Rojas
Javier,Vazquez
Maria Dolores,Montoya
Ramon,Navarro
Maria Teresa,Dominguez
Miguel,Rivas
Maria Isabel,Aguilar
Rafael,Cordoba
Maria Jose,Cano
Andres,Vargas
Francisca,Ibanez
Alfonso,Estrada
Catalina,Miranda
Fernando,Ochoa
Margarita,Acosta
Sergio,Zamora
Lucia,Salazar
Victor,Bravo
Consuelo,Quintero
Jesus,Pabon
Elena,Lara
Luis,Beltran
Mariam,Sandoval
Oscar,Sepulveda
Gloria,Nava
Pablo,Covarrubias
Silvia,Gomez
Claudio,Calderon
Patricia,Benavides
Ricardo,Araya
Sandra,Carrillo
Eduardo,Fuentes
Claudia,Valenzuela
Marcos,Maldonado
Verónica,Becerra
Hector,Higuera
Ximena,Salcedo
Arturo,Mena
Roxana,Vizcaya
Raul,Garrido
Eloisa,Tejada
Julio,Camacho
Irene,Jaramillo
Alfredo,Carrera
Rosa Maria,Arancibia
Guillermo,Santander
Rebeca,Olavarria
Ignacio,Cuadra
Magdalena,Galvez
Gerardo,Flores
Soledad,Vera
Leopoldo,Acuna
Marta,Canales
Armando,Figueroa
Felicitas,Pena
Fabio,Ledesma
Olivia,Molina
Aurelio,Moreno
Edith,Nunez
Rogelio,Osses
Constanza,Caceres
Ernesto,Navarrete
Alicia,Contreras
Lino,Ramos
Aurora,Avila
Ronaldo,Briones
Barbara,Borquez
Virgilio,Sepulveda
Estela,Sanhueza